reference	position	ref_base	read_base	read	mapq	baseq	position_in_alignment_sequence	read_length	strand
CM009316.1	618279	G	T	ERR8982185.981	60	8	138	150	+
CM009316.1	618282	C	A	ERR8982185.981	60	12	141	150	+
CM009336.1	3475540	T	N	ERR8982185.97	60	2	87	151	-
CM009336.1	3475583	T	G	ERR8982185.84	60	12	109	148	+
CM009336.1	3475605	G	C	ERR8982185.84	60	12	131	148	+
CM009336.1	3475607	G	T	ERR8982185.84	60	12	133	148	+
CM009336.1	3475610	T	A	ERR8982185.84	60	12	136	148	+
CM009336.1	3475620	G	T	ERR8982185.84	60	12	146	148	+
CM009336.1	3475742	C	N	ERR8982185.84	60	2	84	148	-
CM009336.1	3475806	T	A	ERR8982185.740	60	12	54	151	+
CM009336.1	3475883	T	A	ERR8982185.740	60	12	131	151	+
CM009336.1	3475932	T	A	ERR8982185.495	60	12	128	150	+
CM009336.1	3475933	T	A	ERR8982185.495	60	12	129	150	+
CM009336.1	3475944	C	A	ERR8982185.495	60	12	140	150	+
