#rname	startpos	endpos	numreads	covbases	coverage	meandepth	meanbaseq	meanmapq
CM009316.1	1	30242098	85	11385	0.0376462	0.000393623	37.3	54.4
CM009317.1	1	25998084	72	9883	0.0380143	0.000391183	37.4	52.9
CM009318.1	1	25551832	76	10757	0.0420987	0.000427367	37.6	54
CM009319.1	1	22344759	56	6858	0.0306918	0.000308797	37.5	52.4
CM009320.1	1	20681290	52	7219	0.0349059	0.000358247	35.7	58.1
CM009321.1	1	19533230	46	6308	0.0322937	0.000341674	36.9	57
CM009322.1	1	18116774	81	10724	0.0591938	0.000644486	36.6	59
CM009323.1	1	17934281	68	9247	0.0515605	0.000521571	37.9	55.6
CM009324.1	1	17794193	49	6088	0.0342134	0.000371582	38.2	52
CM009325.1	1	17530623	59	8297	0.0473286	0.000478477	38.2	56.7
CM009326.1	1	17494229	33	4566	0.0261	0.000266888	38.6	52.6
CM009327.1	1	17435539	48	6515	0.0373662	0.000400733	38	50.6
CM009328.1	1	17250819	75	9967	0.057777	0.000599334	37.5	55.1
CM009329.1	1	17248380	53	7783	0.0451231	0.000455057	35.9	57.7
CM009330.1	1	17009704	54	7652	0.0449861	0.000459385	37.3	60
CM009331.1	1	16572167	44	6059	0.0365613	0.000378104	37.2	55.8
CM009332.1	1	15984037	55	7329	0.045852	0.000486986	37.1	56.1
CM009333.1	1	15735161	78	10687	0.067918	0.000711146	37	56.5
CM009334.1	1	15673097	44	6020	0.0384098	0.000388819	37.4	56.5
CM009335.1	1	15486712	88	11480	0.0741281	0.000789451	35.9	32.6
CM009336.1	1	15510460	84	9040	0.0582832	0.000747431	36.3	54.1
CM009337.1	1	15354560	38	5281	0.0343937	0.000347584	36.3	53.9
CM009338.1	1	15138416	35	4723	0.0311988	0.000320443	36.8	46.9
CM009339.1	1	13755829	44	5200	0.0378022	0.000404483	37.8	47.1
CM009340.1	1	11183739	37	5075	0.0453784	0.000471309	38.1	59.4
CM009341.1	1	10125990	32	4695	0.0463658	0.000467214	38.1	58.5
CM009342.1	1	5299892	16	2099	0.0396046	0.000399819	37.4	53.6
ABEU02000051.1	1	3463	2	290	8.37424	0.0872076	39	0
ABEU02000053.1	1	3688	2	102	2.76573	0.0276573	36.8	0
ABEU02000067.1	1	3076	1	136	4.42133	0.0442133	36.3	0
ABEU02000091.1	1	21755	2	302	1.38819	0.0138819	39.6	60
ABEU02000094.1	1	20476	2	302	1.4749	0.014749	40.2	50
ABEU02000226.1	1	117854	2	302	0.256249	0.00256249	39.9	50
ABEU02000283.1	1	4841	2	250	5.16422	0.0516422	27.3	40
ABEU02000316.1	1	4242	2	302	7.11928	0.0711928	34.9	0
ABEU02000028.1	1	27963	0	0	0	0	0	0
ABEU02000029.1	1	3901	0	0	0	0	0	0
ABEU02000030.1	1	4531	0	0	0	0	0	0
ABEU02000031.1	1	3368	0	0	0	0	0	0
ABEU02000032.1	1	27875	0	0	0	0	0	0
ABEU02000033.1	1	3834	0	0	0	0	0	0
ABEU02000034.1	1	3281	0	0	0	0	0	0
ABEU02000035.1	1	5747	0	0	0	0	0	0
ABEU02000036.1	1	3611	0	0	0	0	0	0
ABEU02000037.1	1	3421	0	0	0	0	0	0
ABEU02000038.1	1	3516	0	0	0	0	0	0
ABEU02000039.1	1	26885	0	0	0	0	0	0
ABEU02000040.1	1	3141	0	0	0	0	0	0
ABEU02000041.1	1	36754	0	0	0	0	0	0
ABEU02000042.1	1	3578	0	0	0	0	0	0
ABEU02000043.1	1	3536	0	0	0	0	0	0
ABEU02000044.1	1	3504	0	0	0	0	0	0
ABEU02000045.1	1	3570	0	0	0	0	0	0
ABEU02000046.1	1	3482	0	0	0	0	0	0
ABEU02000047.1	1	3164	0	0	0	0	0	0
ABEU02000048.1	1	3184	0	0	0	0	0	0
ABEU02000049.1	1	2975	0	0	0	0	0	0
ABEU02000050.1	1	3243	0	0	0	0	0	0
ABEU02000052.1	1	3112	0	0	0	0	0	0
ABEU02000054.1	1	3452	0	0	0	0	0	0
ABEU02000055.1	1	24443	0	0	0	0	0	0
ABEU02000056.1	1	3578	0	0	0	0	0	0
ABEU02000057.1	1	3344	0	0	0	0	0	0
ABEU02000058.1	1	2910	0	0	0	0	0	0
ABEU02000059.1	1	3771	0	0	0	0	0	0
ABEU02000060.1	1	3133	0	0	0	0	0	0
ABEU02000061.1	1	24087	0	0	0	0	0	0
ABEU02000062.1	1	3307	0	0	0	0	0	0
ABEU02000063.1	1	3707	0	0	0	0	0	0
ABEU02000064.1	1	2117	0	0	0	0	0	0
ABEU02000065.1	1	23409	0	0	0	0	0	0
ABEU02000066.1	1	3376	0	0	0	0	0	0
ABEU02000068.1	1	2019	0	0	0	0	0	0
ABEU02000069.1	1	2008	0	0	0	0	0	0
ABEU02000070.1	1	3093	0	0	0	0	0	0
ABEU02000071.1	1	1921	0	0	0	0	0	0
ABEU02000072.1	1	23363	0	0	0	0	0	0
ABEU02000073.1	1	4319	0	0	0	0	0	0
ABEU02000074.1	1	2878	0	0	0	0	0	0
ABEU02000075.1	1	2952	0	0	0	0	0	0
ABEU02000076.1	1	1495	0	0	0	0	0	0
ABEU02000077.1	1	23227	0	0	0	0	0	0
ABEU02000078.1	1	2885	0	0	0	0	0	0
ABEU02000079.1	1	1337	0	0	0	0	0	0
ABEU02000080.1	1	1324	0	0	0	0	0	0
ABEU02000081.1	1	10138	0	0	0	0	0	0
ABEU02000082.1	1	2878	0	0	0	0	0	0
ABEU02000083.1	1	3462	0	0	0	0	0	0
ABEU02000084.1	1	1209	0	0	0	0	0	0
ABEU02000085.1	1	1127	0	0	0	0	0	0
ABEU02000086.1	1	1046	0	0	0	0	0	0
ABEU02000087.1	1	1006	0	0	0	0	0	0
ABEU02000088.1	1	22559	0	0	0	0	0	0
ABEU02000089.1	1	22280	0	0	0	0	0	0
ABEU02000090.1	1	22108	0	0	0	0	0	0
ABEU02000092.1	1	21536	0	0	0	0	0	0
ABEU02000093.1	1	20960	0	0	0	0	0	0
ABEU02000095.1	1	19491	0	0	0	0	0	0
ABEU02000096.1	1	19183	0	0	0	0	0	0
ABEU02000097.1	1	18534	0	0	0	0	0	0
ABEU02000098.1	1	18345	0	0	0	0	0	0
ABEU02000099.1	1	17276	0	0	0	0	0	0
ABEU02000100.1	1	41815	0	0	0	0	0	0
ABEU02000101.1	1	41976	0	0	0	0	0	0
ABEU02000102.1	1	16009	0	0	0	0	0	0
ABEU02000103.1	1	15775	0	0	0	0	0	0
ABEU02000104.1	1	15617	0	0	0	0	0	0
ABEU02000105.1	1	15088	0	0	0	0	0	0
ABEU02000106.1	1	14600	0	0	0	0	0	0
ABEU02000107.1	1	14492	0	0	0	0	0	0
ABEU02000108.1	1	13915	0	0	0	0	0	0
ABEU02000109.1	1	13734	0	0	0	0	0	0
ABEU02000110.1	1	13631	0	0	0	0	0	0
ABEU02000111.1	1	13538	0	0	0	0	0	0
ABEU02000112.1	1	13592	0	0	0	0	0	0
ABEU02000113.1	1	13051	0	0	0	0	0	0
ABEU02000114.1	1	12855	0	0	0	0	0	0
ABEU02000115.1	1	12673	0	0	0	0	0	0
ABEU02000116.1	1	12538	0	0	0	0	0	0
ABEU02000117.1	1	12534	0	0	0	0	0	0
ABEU02000118.1	1	12263	0	0	0	0	0	0
ABEU02000119.1	1	12213	0	0	0	0	0	0
ABEU02000120.1	1	12490	0	0	0	0	0	0
ABEU02000121.1	1	11959	0	0	0	0	0	0
ABEU02000122.1	1	11723	0	0	0	0	0	0
ABEU02000123.1	1	12489	0	0	0	0	0	0
ABEU02000124.1	1	11577	0	0	0	0	0	0
ABEU02000125.1	1	11558	0	0	0	0	0	0
ABEU02000126.1	1	11480	0	0	0	0	0	0
ABEU02000127.1	1	11571	0	0	0	0	0	0
ABEU02000128.1	1	10997	0	0	0	0	0	0
ABEU02000129.1	1	10995	0	0	0	0	0	0
ABEU02000130.1	1	10927	0	0	0	0	0	0
ABEU02000131.1	1	10764	0	0	0	0	0	0
ABEU02000132.1	1	11181	0	0	0	0	0	0
ABEU02000133.1	1	10863	0	0	0	0	0	0
ABEU02000134.1	1	10539	0	0	0	0	0	0
ABEU02000135.1	1	10404	0	0	0	0	0	0
ABEU02000136.1	1	10303	0	0	0	0	0	0
ABEU02000137.1	1	10223	0	0	0	0	0	0
ABEU02000138.1	1	10029	0	0	0	0	0	0
ABEU02000139.1	1	9908	0	0	0	0	0	0
ABEU02000140.1	1	9490	0	0	0	0	0	0
ABEU02000141.1	1	9424	0	0	0	0	0	0
ABEU02000142.1	1	9307	0	0	0	0	0	0
ABEU02000143.1	1	9206	0	0	0	0	0	0
ABEU02000144.1	1	8841	0	0	0	0	0	0
ABEU02000145.1	1	8724	0	0	0	0	0	0
ABEU02000146.1	1	8924	0	0	0	0	0	0
ABEU02000147.1	1	8677	0	0	0	0	0	0
ABEU02000148.1	1	8649	0	0	0	0	0	0
ABEU02000149.1	1	8355	0	0	0	0	0	0
ABEU02000150.1	1	8308	0	0	0	0	0	0
ABEU02000151.1	1	8163	0	0	0	0	0	0
ABEU02000152.1	1	8127	0	0	0	0	0	0
ABEU02000153.1	1	7939	0	0	0	0	0	0
ABEU02000154.1	1	7850	0	0	0	0	0	0
ABEU02000155.1	1	7800	0	0	0	0	0	0
ABEU02000156.1	1	7766	0	0	0	0	0	0
ABEU02000157.1	1	7743	0	0	0	0	0	0
ABEU02000158.1	1	7700	0	0	0	0	0	0
ABEU02000159.1	1	7680	0	0	0	0	0	0
ABEU02000160.1	1	7678	0	0	0	0	0	0
ABEU02000161.1	1	7614	0	0	0	0	0	0
ABEU02000162.1	1	7570	0	0	0	0	0	0
ABEU02000163.1	1	7656	0	0	0	0	0	0
ABEU02000164.1	1	7504	0	0	0	0	0	0
ABEU02000165.1	1	7566	0	0	0	0	0	0
ABEU02000166.1	1	171298	0	0	0	0	0	0
ABEU02000167.1	1	7375	0	0	0	0	0	0
ABEU02000168.1	1	7272	0	0	0	0	0	0
ABEU02000169.1	1	7261	0	0	0	0	0	0
ABEU02000170.1	1	127501	0	0	0	0	0	0
ABEU02000171.1	1	7193	0	0	0	0	0	0
ABEU02000172.1	1	7183	0	0	0	0	0	0
ABEU02000173.1	1	7238	0	0	0	0	0	0
ABEU02000174.1	1	7081	0	0	0	0	0	0
ABEU02000175.1	1	7050	0	0	0	0	0	0
ABEU02000176.1	1	7003	0	0	0	0	0	0
ABEU02000177.1	1	6978	0	0	0	0	0	0
ABEU02000178.1	1	6977	0	0	0	0	0	0
ABEU02000179.1	1	6968	0	0	0	0	0	0
ABEU02000180.1	1	6942	0	0	0	0	0	0
ABEU02000181.1	1	6920	0	0	0	0	0	0
ABEU02000182.1	1	6896	0	0	0	0	0	0
ABEU02000183.1	1	6878	0	0	0	0	0	0
ABEU02000184.1	1	6818	0	0	0	0	0	0
ABEU02000185.1	1	6924	0	0	0	0	0	0
ABEU02000186.1	1	8292	0	0	0	0	0	0
ABEU02000187.1	1	6743	0	0	0	0	0	0
ABEU02000188.1	1	6738	0	0	0	0	0	0
ABEU02000189.1	1	6717	0	0	0	0	0	0
ABEU02000190.1	1	6968	0	0	0	0	0	0
ABEU02000191.1	1	6778	0	0	0	0	0	0
ABEU02000192.1	1	6632	0	0	0	0	0	0
ABEU02000193.1	1	6549	0	0	0	0	0	0
ABEU02000194.1	1	7103	0	0	0	0	0	0
ABEU02000195.1	1	6476	0	0	0	0	0	0
ABEU02000196.1	1	6467	0	0	0	0	0	0
ABEU02000197.1	1	12727	0	0	0	0	0	0
ABEU02000198.1	1	6519	0	0	0	0	0	0
ABEU02000199.1	1	6415	0	0	0	0	0	0
ABEU02000200.1	1	6394	0	0	0	0	0	0
ABEU02000201.1	1	7303	0	0	0	0	0	0
ABEU02000202.1	1	6443	0	0	0	0	0	0
ABEU02000203.1	1	6298	0	0	0	0	0	0
ABEU02000204.1	1	6296	0	0	0	0	0	0
ABEU02000205.1	1	6292	0	0	0	0	0	0
ABEU02000206.1	1	6694	0	0	0	0	0	0
ABEU02000207.1	1	6235	0	0	0	0	0	0
ABEU02000208.1	1	6226	0	0	0	0	0	0
ABEU02000209.1	1	6218	0	0	0	0	0	0
ABEU02000210.1	1	6172	0	0	0	0	0	0
ABEU02000211.1	1	6155	0	0	0	0	0	0
ABEU02000212.1	1	6480	0	0	0	0	0	0
ABEU02000213.1	1	88975	0	0	0	0	0	0
ABEU02000214.1	1	6224	0	0	0	0	0	0
ABEU02000215.1	1	6109	0	0	0	0	0	0
ABEU02000216.1	1	6100	0	0	0	0	0	0
ABEU02000217.1	1	6059	0	0	0	0	0	0
ABEU02000218.1	1	6041	0	0	0	0	0	0
ABEU02000219.1	1	88318	0	0	0	0	0	0
ABEU02000220.1	1	6000	0	0	0	0	0	0
ABEU02000221.1	1	5995	0	0	0	0	0	0
ABEU02000222.1	1	5948	0	0	0	0	0	0
ABEU02000223.1	1	86846	0	0	0	0	0	0
ABEU02000224.1	1	5920	0	0	0	0	0	0
ABEU02000225.1	1	5867	0	0	0	0	0	0
ABEU02000227.1	1	5862	0	0	0	0	0	0
ABEU02000228.1	1	5847	0	0	0	0	0	0
ABEU02000229.1	1	5832	0	0	0	0	0	0
ABEU02000230.1	1	7145	0	0	0	0	0	0
ABEU02000231.1	1	101950	0	0	0	0	0	0
ABEU02000232.1	1	5797	0	0	0	0	0	0
ABEU02000233.1	1	5745	0	0	0	0	0	0
ABEU02000234.1	1	5945	0	0	0	0	0	0
ABEU02000235.1	1	79700	0	0	0	0	0	0
ABEU02000236.1	1	5729	0	0	0	0	0	0
ABEU02000237.1	1	5723	0	0	0	0	0	0
ABEU02000238.1	1	5701	0	0	0	0	0	0
ABEU02000239.1	1	78880	0	0	0	0	0	0
ABEU02000240.1	1	5687	0	0	0	0	0	0
ABEU02000241.1	1	5685	0	0	0	0	0	0
ABEU02000242.1	1	5677	0	0	0	0	0	0
ABEU02000243.1	1	5979	0	0	0	0	0	0
ABEU02000244.1	1	6278	0	0	0	0	0	0
ABEU02000245.1	1	5643	0	0	0	0	0	0
ABEU02000246.1	1	5719	0	0	0	0	0	0
ABEU02000247.1	1	5618	0	0	0	0	0	0
ABEU02000248.1	1	5614	0	0	0	0	0	0
ABEU02000249.1	1	5613	0	0	0	0	0	0
ABEU02000250.1	1	5599	0	0	0	0	0	0
ABEU02000251.1	1	5557	0	0	0	0	0	0
ABEU02000252.1	1	83804	0	0	0	0	0	0
ABEU02000253.1	1	5494	0	0	0	0	0	0
ABEU02000254.1	1	5491	0	0	0	0	0	0
ABEU02000255.1	1	5473	0	0	0	0	0	0
ABEU02000256.1	1	5469	0	0	0	0	0	0
ABEU02000257.1	1	5607	0	0	0	0	0	0
ABEU02000258.1	1	5438	0	0	0	0	0	0
ABEU02000259.1	1	5730	0	0	0	0	0	0
ABEU02000260.1	1	5395	0	0	0	0	0	0
ABEU02000261.1	1	5382	0	0	0	0	0	0
ABEU02000262.1	1	5370	0	0	0	0	0	0
ABEU02000263.1	1	5339	0	0	0	0	0	0
ABEU02000264.1	1	5325	0	0	0	0	0	0
ABEU02000265.1	1	5583	0	0	0	0	0	0
ABEU02000266.1	1	5297	0	0	0	0	0	0
ABEU02000267.1	1	5244	0	0	0	0	0	0
ABEU02000268.1	1	5890	0	0	0	0	0	0
ABEU02000269.1	1	5170	0	0	0	0	0	0
ABEU02000270.1	1	5311	0	0	0	0	0	0
ABEU02000271.1	1	5145	0	0	0	0	0	0
ABEU02000272.1	1	66314	0	0	0	0	0	0
ABEU02000273.1	1	5096	0	0	0	0	0	0
ABEU02000274.1	1	5034	0	0	0	0	0	0
ABEU02000275.1	1	5025	0	0	0	0	0	0
ABEU02000276.1	1	5025	0	0	0	0	0	0
ABEU02000277.1	1	64196	0	0	0	0	0	0
ABEU02000278.1	1	4939	0	0	0	0	0	0
ABEU02000279.1	1	4907	0	0	0	0	0	0
ABEU02000280.1	1	4898	0	0	0	0	0	0
ABEU02000281.1	1	4873	0	0	0	0	0	0
ABEU02000282.1	1	59305	0	0	0	0	0	0
ABEU02000284.1	1	4827	0	0	0	0	0	0
ABEU02000285.1	1	4822	0	0	0	0	0	0
ABEU02000286.1	1	4749	0	0	0	0	0	0
ABEU02000287.1	1	4747	0	0	0	0	0	0
ABEU02000288.1	1	5009	0	0	0	0	0	0
ABEU02000289.1	1	4731	0	0	0	0	0	0
ABEU02000290.1	1	4704	0	0	0	0	0	0
ABEU02000291.1	1	5418	0	0	0	0	0	0
ABEU02000292.1	1	4682	0	0	0	0	0	0
ABEU02000293.1	1	4681	0	0	0	0	0	0
ABEU02000294.1	1	4747	0	0	0	0	0	0
ABEU02000295.1	1	4659	0	0	0	0	0	0
ABEU02000296.1	1	4487	0	0	0	0	0	0
ABEU02000297.1	1	4475	0	0	0	0	0	0
ABEU02000298.1	1	5362	0	0	0	0	0	0
ABEU02000299.1	1	45882	0	0	0	0	0	0
ABEU02000300.1	1	4460	0	0	0	0	0	0
ABEU02000301.1	1	4409	0	0	0	0	0	0
ABEU02000302.1	1	4394	0	0	0	0	0	0
ABEU02000303.1	1	4388	0	0	0	0	0	0
ABEU02000304.1	1	4387	0	0	0	0	0	0
ABEU02000305.1	1	4378	0	0	0	0	0	0
ABEU02000306.1	1	4370	0	0	0	0	0	0
ABEU02000307.1	1	40341	0	0	0	0	0	0
ABEU02000308.1	1	4334	0	0	0	0	0	0
ABEU02000309.1	1	4331	0	0	0	0	0	0
ABEU02000310.1	1	4329	0	0	0	0	0	0
ABEU02000311.1	1	4327	0	0	0	0	0	0
ABEU02000312.1	1	4280	0	0	0	0	0	0
ABEU02000313.1	1	4401	0	0	0	0	0	0
ABEU02000314.1	1	39109	0	0	0	0	0	0
ABEU02000315.1	1	4768	0	0	0	0	0	0
ABEU02000317.1	1	4241	0	0	0	0	0	0
ABEU02000318.1	1	4188	0	0	0	0	0	0
ABEU02000319.1	1	4183	0	0	0	0	0	0
ABEU02000320.1	1	4156	0	0	0	0	0	0
ABEU02000321.1	1	5428	0	0	0	0	0	0
ABEU02000322.1	1	37256	0	0	0	0	0	0
ABEU02000323.1	1	4081	0	0	0	0	0	0
ABEU02000324.1	1	4918	0	0	0	0	0	0
ABEU02000325.1	1	5253	0	0	0	0	0	0
ABEU02000326.1	1	5253	0	0	0	0	0	0
ABEU02000327.1	1	28422	0	0	0	0	0	0
ABEU02000328.1	1	4011	0	0	0	0	0	0
ABEU02000329.1	1	3983	0	0	0	0	0	0
ABEU02000330.1	1	32022	0	0	0	0	0	0
ABEU02000331.1	1	3925	0	0	0	0	0	0
ABEU02000332.1	1	3905	0	0	0	0	0	0
ABEU02000333.1	1	3887	0	0	0	0	0	0
ABEU02000334.1	1	3876	0	0	0	0	0	0
ABEU02000335.1	1	4152	0	0	0	0	0	0
ABEU02000336.1	1	4051	0	0	0	0	0	0
ABEU02000337.1	1	4059	0	0	0	0	0	0
ABEU02000338.1	1	3836	0	0	0	0	0	0
ABEU02000339.1	1	3985	0	0	0	0	0	0
ABEU02000340.1	1	3871	0	0	0	0	0	0
ABEU02000341.1	1	31256	0	0	0	0	0	0
ABEU02000342.1	1	3878	0	0	0	0	0	0
ABEU02000343.1	1	3706	0	0	0	0	0	0
ABEU02000344.1	1	3789	0	0	0	0	0	0
ABEU02000345.1	1	3674	0	0	0	0	0	0
ABEU02000346.1	1	3865	0	0	0	0	0	0
ABEU02000347.1	1	29900	0	0	0	0	0	0
ABEU02000348.1	1	3862	0	0	0	0	0	0
ABEU02000349.1	1	3597	0	0	0	0	0	0
ABEU02000350.1	1	3562	0	0	0	0	0	0
ABEU02000351.1	1	28974	0	0	0	0	0	0
ABEU02000352.1	1	3714	0	0	0	0	0	0
ABEU02000353.1	1	3652	0	0	0	0	0	0
ABEU02000354.1	1	3688	0	0	0	0	0	0
ABEU02000355.1	1	3460	0	0	0	0	0	0
ABEU02000356.1	1	3545	0	0	0	0	0	0
ABEU02000357.1	1	3949	0	0	0	0	0	0
